Position,MS_PolSys,MA_PolSys,MS_PolRep,MA_PolRep,MS_DivSys,MA_DivSys,MS_DivRep,MA_DivRep,DivergentTime,Gamma,Lower_CI_Gamma,Upper_CI_Gamma,PolymorphismMutationStatus,DivergenceMutationStatus
1,0.0846154,0.0989447,0.428571,0.12693,0.103774,0.0930739,0.0188679,0.0239915,4.02442,-2.37013,-4.25885,-1.08689,*,*
2,0.0846154,0.0989447,0.428571,0.12693,0.103774,0.0930739,0.0188679,0.0239915,4.02442,-2.37013,-4.25885,-1.08689,*,*
3,0.0846154,0.0989447,0.428571,0.12693,0.103774,0.0930739,0.0188679,0.0239915,4.02442,-2.37013,-4.25885,-1.08689,*,*
4,0.0846154,0.0990721,0,0.0295725,0.103774,0.0929542,0.0188679,0.0239103,4.02673,-1.04315,-2.24124,1.05419,*,S
5,0.0846154,0.0990721,0,0.0295725,0.103774,0.0929542,0.0188679,0.0239103,4.02673,-1.04315,-2.24124,1.05419,*,S
6,0.0846154,0.0990721,0,0.0295725,0.103774,0.0929542,0.0188679,0.0239103,4.02673,-1.04315,-2.24124,1.05419,*,S
7,0.0846154,0.0993979,0,0.0355489,0.103774,0.0929296,0.0188679,0.0238902,4.01629,-1.14502,-2.27227,1.01742,R,*
8,0.0846154,0.0993979,0,0.0355489,0.103774,0.0929296,0.0188679,0.0238902,4.01629,-1.14502,-2.27227,1.01742,R,*
9,0.0846154,0.0993979,0,0.0355489,0.103774,0.0929296,0.0188679,0.0238902,4.01629,-1.14502,-2.27227,1.01742,R,*
10,0.0846154,0.100181,0,0.044718,0.103774,0.0920253,0.0188679,0.0239004,3.99924,-1.25474,-2.54274,1.02593,*,*
11,0.0846154,0.100181,0,0.044718,0.103774,0.0920253,0.0188679,0.0239004,3.99924,-1.25474,-2.54274,1.02593,*,*
12,0.0846154,0.100181,0,0.044718,0.103774,0.0920253,0.0188679,0.0239004,3.99924,-1.25474,-2.54274,1.02593,*,*
13,0.0846154,0.102024,0.125,0.162076,0.103774,0.0910364,0.0188679,0.0239372,3.95053,-2.64375,-9.64741,0.0718358,*,*
14,0.0846154,0.102024,0.125,0.162076,0.103774,0.0910364,0.0188679,0.0239372,3.95053,-2.64375,-9.64741,0.0718358,*,*
15,0.0846154,0.102024,0.125,0.162076,0.103774,0.0910364,0.0188679,0.0239372,3.95053,-2.64375,-9.64741,0.0718358,*,*
16,0.0846154,0.10336,0.125,0.125718,0.103774,0.090404,0.0188679,0.024003,3.92767,-2.6394,-5.2911,-0.763887,*,*
17,0.0846154,0.10336,0.125,0.125718,0.103774,0.090404,0.0188679,0.024003,3.92767,-2.6394,-5.2911,-0.763887,*,*
18,0.0846154,0.10336,0.125,0.125718,0.103774,0.090404,0.0188679,0.024003,3.92767,-2.6394,-5.2911,-0.763887,*,*
19,0.5,0.105969,0,0.0627957,0.103774,0.0900344,0.0188679,0.0241049,3.92103,-2.11577,-3.74769,-0.529387,*,*
20,0.5,0.105969,0,0.0627957,0.103774,0.0900344,0.0188679,0.0241049,3.92103,-2.11577,-3.74769,-0.529387,*,*
21,0.5,0.105969,0,0.0627957,0.103774,0.0900344,0.0188679,0.0241049,3.92103,-2.11577,-3.74769,-0.529387,*,*
22,0.5,0.107608,0,0.0499281,0.103774,0.0898695,0.0188679,0.0242587,3.8862,-1.97279,-3.24999,-0.325247,*,*
23,0.5,0.107608,0,0.0499281,0.103774,0.0898695,0.0188679,0.0242587,3.8862,-1.97279,-3.24999,-0.325247,*,*
24,0.5,0.107608,0,0.0499281,0.103774,0.0898695,0.0188679,0.0242587,3.8862,-1.97279,-3.24999,-0.325247,*,*
25,0.5,0.10543,0,0.0593299,0.103774,0.0898748,0.0188679,0.0244999,3.91919,-2.05328,-3.62502,-0.313297,*,S
26,0.5,0.10543,0,0.0593299,0.103774,0.0898748,0.0188679,0.0244999,3.91919,-2.05328,-3.62502,-0.313297,*,S
27,0.5,0.10543,0,0.0593299,0.103774,0.0898748,0.0188679,0.0244999,3.91919,-2.05328,-3.62502,-0.313297,*,S
28,0.223077,0.101573,0,0.10704,0.103774,0.090034,0.0188679,0.024937,3.97874,-2.42859,-4.41287,-0.706495,*,*
29,0.223077,0.101573,0,0.10704,0.103774,0.090034,0.0188679,0.024937,3.97874,-2.42859,-4.41287,-0.706495,*,*
30,0.223077,0.101573,0,0.10704,0.103774,0.090034,0.0188679,0.024937,3.97874,-2.42859,-4.41287,-0.706495,*,*
31,0.0846154,0.0977835,0.375,0.199911,0.103774,0.0903462,0.0188679,0.0254552,4.12569,-2.93944,-5.73558,-0.792987,*,*
32,0.0846154,0.0977835,0.375,0.199911,0.103774,0.0903462,0.0188679,0.0254552,4.12569,-2.93944,-5.73558,-0.792987,*,*
33,0.0846154,0.0977835,0.375,0.199911,0.103774,0.0903462,0.0188679,0.0254552,4.12569,-2.93944,-5.73558,-0.792987,*,*
34,0.0846154,0.0961151,0.375,0.270899,0.103774,0.0908246,0.0188679,0.025288,4.22413,-3.79417,-11.7646,-1.15635,*,*
35,0.0846154,0.0961151,0.375,0.270899,0.103774,0.0908246,0.0188679,0.025288,4.22413,-3.79417,-11.7646,-1.15635,*,*
36,0.0846154,0.0961151,0.375,0.270899,0.103774,0.0908246,0.0188679,0.025288,4.22413,-3.79417,-11.7646,-1.15635,*,*
37,0.0846154,0.0951023,0,0.0646535,0.103774,0.0914975,0.0188679,0.0250344,4.27703,-1.65129,-3.14608,0.641438,*,*
38,0.0846154,0.0951023,0,0.0646535,0.103774,0.0914975,0.0188679,0.0250344,4.27703,-1.65129,-3.14608,0.641438,*,*
39,0.0846154,0.0951023,0,0.0646535,0.103774,0.0914975,0.0188679,0.0250344,4.27703,-1.65129,-3.14608,0.641438,*,*
40,0.0846154,0.0944103,0,0.0466995,0.103774,0.0924114,0.0188679,0.0241586,4.39225,-1.47861,-2.97213,0.849225,S,*
41,0.0846154,0.0944103,0,0.0466995,0.103774,0.0924114,0.0188679,0.0241586,4.39225,-1.47861,-2.97213,0.849225,S,*
42,0.0846154,0.0944103,0,0.0466995,0.103774,0.0924114,0.0188679,0.0241586,4.39225,-1.47861,-2.97213,0.849225,S,*
43,0.0846154,0.0939176,0,0.036258,0.103774,0.0936352,0.0188679,0.0236517,4.43084,-1.35103,-2.7231,0.898739,R,*
44,0.0846154,0.0939176,0,0.036258,0.103774,0.0936352,0.0188679,0.0236517,4.43084,-1.35103,-2.7231,0.898739,R,*
45,0.0846154,0.0939176,0,0.036258,0.103774,0.0936352,0.0188679,0.0236517,4.43084,-1.35103,-2.7231,0.898739,R,*
46,0.0846154,0.0935677,0,0.0295937,0.103774,0.0952688,0.0188679,0.0232737,4.57279,-1.26601,-2.46111,0.903675,*,*
47,0.0846154,0.0935677,0,0.0295937,0.103774,0.0952688,0.0188679,0.0232737,4.57279,-1.26601,-2.46111,0.903675,*,*
48,0.0846154,0.0935677,0,0.0295937,0.103774,0.0952688,0.0188679,0.0232737,4.57279,-1.26601,-2.46111,0.903675,*,*
49,0.0846154,0.0933314,0,0.0252734,0.103774,0.0974562,0.0188679,0.022972,4.64426,-1.2189,-2.29959,0.898709,*,*
50,0.0846154,0.0933314,0,0.0252734,0.103774,0.0974562,0.0188679,0.022972,4.64426,-1.2189,-2.29959,0.898709,*,*
51,0.0846154,0.0933314,0,0.0252734,0.103774,0.0974562,0.0188679,0.022972,4.64426,-1.2189,-2.29959,0.898709,*,*
52,0.0846154,0.0931943,0,0.0225917,0.103774,0.100123,0.0188679,0.0227232,4.74927,-1.18601,-2.27206,0.85187,*,*
53,0.0846154,0.0931943,0,0.0225917,0.103774,0.100123,0.0188679,0.0227232,4.74927,-1.18601,-2.27206,0.85187,*,*
54,0.0846154,0.0931943,0,0.0225917,0.103774,0.100123,0.0188679,0.0227232,4.74927,-1.18601,-2.27206,0.85187,*,*
55,0.0846154,0.0931534,0,0.0211808,0.103774,0.10139,0.0188679,0.0225149,4.82966,-1.17476,-2.27344,0.793662,S,*
56,0.0846154,0.0931534,0,0.0211808,0.103774,0.10139,0.0188679,0.0225149,4.82966,-1.17476,-2.27344,0.793662,S,*
57,0.0846154,0.0931534,0,0.0211808,0.103774,0.10139,0.0188679,0.0225149,4.82966,-1.17476,-2.27344,0.793662,S,*
58,0.0846154,0.0932325,0,0.0208666,0.103774,0.10242,0.0188679,0.02234,4.93685,-1.19863,-2.27072,0.720231,*,*
59,0.0846154,0.0932325,0,0.0208666,0.103774,0.10242,0.0188679,0.02234,4.93685,-1.19863,-2.27072,0.720231,*,*
60,0.0846154,0.0932325,0,0.0208666,0.103774,0.10242,0.0188679,0.02234,4.93685,-1.19863,-2.27072,0.720231,*,*
61,0.0846154,0.0930943,0,0.0216129,0.103774,0.103084,0.0188679,0.0221949,4.95998,-1.22494,-2.28488,0.694109,*,*
62,0.0846154,0.0930943,0,0.0216129,0.103774,0.103084,0.0188679,0.0221949,4.95998,-1.22494,-2.28488,0.694109,*,*
63,0.0846154,0.0930943,0,0.0216129,0.103774,0.103084,0.0188679,0.0221949,4.95998,-1.22494,-2.28488,0.694109,*,*
64,0.0846154,0.0929058,0,0.0235092,0.103774,0.103986,0.0188679,0.0220806,5.01154,-1.26891,-2.37175,0.640935,S,*
65,0.0846154,0.0929058,0,0.0235092,0.103774,0.103986,0.0188679,0.0220806,5.01154,-1.26891,-2.37175,0.640935,S,*
66,0.0846154,0.0929058,0,0.0235092,0.103774,0.103986,0.0188679,0.0220806,5.01154,-1.26891,-2.37175,0.640935,S,*
67,0.0846154,0.09281,0.285714,0.0928019,0.103774,0.104643,0.0188679,0.0220105,5.08848,-2.18904,-4.10397,-0.742625,S,*
68,0.0846154,0.09281,0.285714,0.0928019,0.103774,0.104643,0.0188679,0.0220105,5.08848,-2.18904,-4.10397,-0.742625,S,*
69,0.0846154,0.09281,0.285714,0.0928019,0.103774,0.104643,0.0188679,0.0220105,5.08848,-2.18904,-4.10397,-0.742625,S,*
70,0.0846154,0.0924878,0.288717,0.102148,0.103774,0.105262,0.0188679,0.0220214,5.1289,-2.21602,-4.3232,-0.82451,*,*
71,0.0846154,0.0924878,0.288717,0.102148,0.103774,0.105262,0.0188679,0.0220214,5.1289,-2.21602,-4.3232,-0.82451,*,*
72,0.0846154,0.0924878,0.288717,0.102148,0.103774,0.105262,0.0188679,0.0220214,5.1289,-2.21602,-4.3232,-0.82451,*,*
73,0.0846154,0.0921519,0.00900901,0.039161,0.103774,0.106082,0.0188679,0.0213071,5.17373,-1.15488,-2.75848,1.34866,S,*
74,0.0846154,0.0921519,0.00900901,0.039161,0.103774,0.106082,0.0188679,0.0213071,5.17373,-1.15488,-2.75848,1.34866,S,*
75,0.0846154,0.0921519,0.00900901,0.039161,0.103774,0.106082,0.0188679,0.0213071,5.17373,-1.15488,-2.75848,1.34866,S,*
76,0.0846154,0.0919151,0.00900901,0.0352813,0.103774,0.107313,0.0188679,0.0207214,5.26949,-1.0251,-2.72883,1.56629,*,*
77,0.0846154,0.0919151,0.00900901,0.0352813,0.103774,0.107313,0.0188679,0.0207214,5.26949,-1.0251,-2.72883,1.56629,*,*
78,0.0846154,0.0919151,0.00900901,0.0352813,0.103774,0.107313,0.0188679,0.0207214,5.26949,-1.0251,-2.72883,1.56629,*,*
79,0.0846154,0.0917573,0.00900901,0.032198,0.103774,0.107999,0.0188679,0.0202181,5.36259,-0.902286,-2.63365,1.69982,*,*
80,0.0846154,0.0917573,0.00900901,0.032198,0.103774,0.107999,0.0188679,0.0202181,5.36259,-0.902286,-2.63365,1.69982,*,*
81,0.0846154,0.0917573,0.00900901,0.032198,0.103774,0.107999,0.0188679,0.0202181,5.36259,-0.902286,-2.63365,1.69982,*,*
82,0.0846154,0.0916687,0.00900901,0.0296985,0.103774,0.108137,0.0188679,0.0197733,5.35348,-0.793303,-2.51358,1.74861,S,*
83,0.0846154,0.0916687,0.00900901,0.0296985,0.103774,0.108137,0.0188679,0.0197733,5.35348,-0.793303,-2.51358,1.74861,S,*
84,0.0846154,0.0916687,0.00900901,0.0296985,0.103774,0.108137,0.0188679,0.0197733,5.35348,-0.793303,-2.51358,1.74861,S,*
85,0.0846154,0.0916447,0.00900901,0.0276491,0.103774,0.108567,0.0188679,0.0193762,5.39937,-0.736978,-2.50189,1.75025,*,*
86,0.0846154,0.0916447,0.00900901,0.0276491,0.103774,0.108567,0.0188679,0.0193762,5.39937,-0.736978,-2.50189,1.75025,*,*
87,0.0846154,0.0916447,0.00900901,0.0276491,0.103774,0.108567,0.0188679,0.0193762,5.39937,-0.736978,-2.50189,1.75025,*,*
88,0.0846154,0.0916859,0.00900901,0.0259538,0.103774,0.109159,0.0188679,0.0190199,5.40782,-0.673277,-2.39057,1.73612,*,*
89,0.0846154,0.0916859,0.00900901,0.0259538,0.103774,0.109159,0.0188679,0.0190199,5.40782,-0.673277,-2.39057,1.73612,*,*
90,0.0846154,0.0916859,0.00900901,0.0259538,0.103774,0.109159,0.0188679,0.0190199,5.40782,-0.673277,-2.39057,1.73612,*,*
91,0.0846154,0.0917978,0.00900901,0.0245411,0.103774,0.109789,0.0188679,0.0186991,5.45609,-0.626473,-2.3044,1.70957,R,R
92,0.0846154,0.0917978,0.00900901,0.0245411,0.103774,0.109789,0.0188679,0.0186991,5.45609,-0.626473,-2.3044,1.70957,R,R
93,0.0846154,0.0917978,0.00900901,0.0245411,0.103774,0.109789,0.0188679,0.0186991,5.45609,-0.626473,-2.3044,1.70957,R,R
94,0.0846154,0.0919931,0.00900901,0.0233563,0.103774,0.110186,0.0188679,0.0184096,5.44083,-0.564822,-2.28069,1.71944,*,*
95,0.0846154,0.0919931,0.00900901,0.0233563,0.103774,0.110186,0.0188679,0.0184096,5.44083,-0.564822,-2.28069,1.71944,*,*
96,0.0846154,0.0919931,0.00900901,0.0233563,0.103774,0.110186,0.0188679,0.0184096,5.44083,-0.564822,-2.28069,1.71944,*,*
97,0.0846154,0.0922621,0.00900901,0.0223568,0.103774,0.110414,0.0188679,0.0181482,5.44654,-0.54297,-2.2718,1.6949,*,*
98,0.0846154,0.0922621,0.00900901,0.0223568,0.103774,0.110414,0.0188679,0.0181482,5.44654,-0.54297,-2.2718,1.6949,*,*
99,0.0846154,0.0922621,0.00900901,0.0223568,0.103774,0.110414,0.0188679,0.0181482,5.44654,-0.54297,-2.2718,1.6949,*,*
100,0.0846154,0.0922727,0.00900901,0.0215094,0.103774,0.110716,0.0188679,0.0179118,5.45041,-0.503011,-2.25474,1.64144,*,*
101,0.0846154,0.0922727,0.00900901,0.0215094,0.103774,0.110716,0.0188679,0.0179118,5.45041,-0.503011,-2.25474,1.64144,*,*
102,0.0846154,0.0922727,0.00900901,0.0215094,0.103774,0.110716,0.0188679,0.0179118,5.45041,-0.503011,-2.25474,1.64144,*,*
103,0.0846154,0.0923179,0.00900901,0.0207877,0.103774,0.11085,0.0188679,0.0176983,5.46781,-0.475986,-2.24443,1.63035,*,*
104,0.0846154,0.0923179,0.00900901,0.0207877,0.103774,0.11085,0.0188679,0.0176983,5.46781,-0.475986,-2.24443,1.63035,*,*
105,0.0846154,0.0923179,0.00900901,0.0207877,0.103774,0.11085,0.0188679,0.0176983,5.46781,-0.475986,-2.24443,1.63035,*,*
106,0.0846154,0.0924254,0.00900901,0.0201705,0.103774,0.111071,0.0188679,0.0175055,5.4585,-0.457242,-2.22492,1.6084,R,*
107,0.0846154,0.0924254,0.00900901,0.0201705,0.103774,0.111071,0.0188679,0.0175055,5.4585,-0.457242,-2.22492,1.6084,R,*
108,0.0846154,0.0924254,0.00900901,0.0201705,0.103774,0.111071,0.0188679,0.0175055,5.4585,-0.457242,-2.22492,1.6084,R,*
109,0.0846154,0.0926034,0.00900901,0.019641,0.103774,0.111407,0.0188679,0.0173316,5.46321,-0.459382,-2.21649,1.58168,*,R
110,0.0846154,0.0926034,0.00900901,0.019641,0.103774,0.111407,0.0188679,0.0173316,5.46321,-0.459382,-2.21649,1.58168,*,R
111,0.0846154,0.0926034,0.00900901,0.019641,0.103774,0.111407,0.0188679,0.0173316,5.46321,-0.459382,-2.21649,1.58168,*,R
112,0.0846154,0.0928506,0.00900901,0.0191855,0.103774,0.111914,0.0188679,0.0171753,5.4618,-0.432899,-2.20656,1.53328,*,*
113,0.0846154,0.0928506,0.00900901,0.0191855,0.103774,0.111914,0.0188679,0.0171753,5.4618,-0.432899,-2.20656,1.53328,*,*
114,0.0846154,0.0928506,0.00900901,0.0191855,0.103774,0.111914,0.0188679,0.0171753,5.4618,-0.432899,-2.20656,1.53328,*,*
115,0.0846154,0.0929064,0.00900901,0.0187928,0.103774,0.112286,0.0188679,0.0170351,5.46682,-0.425672,-2.19395,1.55337,*,*
116,0.0846154,0.0929064,0.00900901,0.0187928,0.103774,0.112286,0.0188679,0.0170351,5.46682,-0.425672,-2.19395,1.55337,*,*
117,0.0846154,0.0929064,0.00900901,0.0187928,0.103774,0.112286,0.0188679,0.0170351,5.46682,-0.425672,-2.19395,1.55337,*,*
118,0.0846154,0.0930113,0.00900901,0.0184538,0.103774,0.112825,0.0188679,0.01691,5.48215,-0.429616,-2.20208,1.50254,*,*
119,0.0846154,0.0930113,0.00900901,0.0184538,0.103774,0.112825,0.0188679,0.01691,5.48215,-0.429616,-2.20208,1.50254,*,*
120,0.0846154,0.0930113,0.00900901,0.0184538,0.103774,0.112825,0.0188679,0.01691,5.48215,-0.429616,-2.20208,1.50254,*,*
121,0.0846154,0.0932203,0.00900901,0.018161,0.103774,0.113012,0.0188679,0.0167991,5.53046,-0.418577,-2.17865,1.49227,*,*
122,0.0846154,0.0932203,0.00900901,0.018161,0.103774,0.113012,0.0188679,0.0167991,5.53046,-0.418577,-2.17865,1.49227,*,*
123,0.0846154,0.0932203,0.00900901,0.018161,0.103774,0.113012,0.0188679,0.0167991,5.53046,-0.418577,-2.17865,1.49227,*,*
124,0.0846154,0.093328,0.00900901,0.0179083,0.103774,0.112843,0.0188679,0.0167014,5.4845,-0.395164,-2.17794,1.5079,*,*
125,0.0846154,0.093328,0.00900901,0.0179083,0.103774,0.112843,0.0188679,0.0167014,5.4845,-0.395164,-2.17794,1.5079,*,*
126,0.0846154,0.093328,0.00900901,0.0179083,0.103774,0.112843,0.0188679,0.0167014,5.4845,-0.395164,-2.17794,1.5079,*,*
127,0.0846154,0.0932053,0.00900901,0.0176907,0.103774,0.112977,0.0188679,0.0166163,5.48447,-0.400728,-2.16912,1.44937,*,*
128,0.0846154,0.0932053,0.00900901,0.0176907,0.103774,0.112977,0.0188679,0.0166163,5.48447,-0.400728,-2.16912,1.44937,*,*
129,0.0846154,0.0932053,0.00900901,0.0176907,0.103774,0.112977,0.0188679,0.0166163,5.48447,-0.400728,-2.16912,1.44937,*,*
130,0.0846154,0.093108,0.00900901,0.0175039,0.103774,0.113331,0.0188679,0.0165432,5.54419,-0.404996,-2.1618,1.47434,*,*
131,0.0846154,0.093108,0.00900901,0.0175039,0.103774,0.113331,0.0188679,0.0165432,5.54419,-0.404996,-2.1618,1.47434,*,*
132,0.0846154,0.093108,0.00900901,0.0175039,0.103774,0.113331,0.0188679,0.0165432,5.54419,-0.404996,-2.1618,1.47434,*,*
133,0.0846154,0.0930831,0.00900901,0.0173444,0.103774,0.112815,0.0188679,0.0164816,5.48828,-0.398626,-2.15177,1.43353,*,*
134,0.0846154,0.0930831,0.00900901,0.0173444,0.103774,0.112815,0.0188679,0.0164816,5.48828,-0.398626,-2.15177,1.43353,*,*
135,0.0846154,0.0930831,0.00900901,0.0173444,0.103774,0.112815,0.0188679,0.0164816,5.48828,-0.398626,-2.15177,1.43353,*,*
136,0.0846154,0.0931156,0.00900901,0.0172095,0.103774,0.112692,0.0188679,0.0164311,5.46764,-0.379211,-2.15622,1.41949,*,*
137,0.0846154,0.0931156,0.00900901,0.0172095,0.103774,0.112692,0.0188679,0.0164311,5.46764,-0.379211,-2.15622,1.41949,*,*
138,0.0846154,0.0931156,0.00900901,0.0172095,0.103774,0.112692,0.0188679,0.0164311,5.46764,-0.379211,-2.15622,1.41949,*,*
139,0.0846154,0.0932064,0.00900901,0.0170969,0.103774,0.112592,0.0188679,0.0163913,5.46275,-0.384784,-2.14878,1.43739,*,*
140,0.0846154,0.0932064,0.00900901,0.0170969,0.103774,0.112592,0.0188679,0.0163913,5.46275,-0.384784,-2.14878,1.43739,*,*
141,0.0846154,0.0932064,0.00900901,0.0170969,0.103774,0.112592,0.0188679,0.0163913,5.46275,-0.384784,-2.14878,1.43739,*,*
142,0.0846154,0.0933808,0.00900901,0.0170046,0.103774,0.112381,0.0188679,0.0163621,5.44847,-0.379389,-2.1368,1.4119,*,*
143,0.0846154,0.0933808,0.00900901,0.0170046,0.103774,0.112381,0.0188679,0.0163621,5.44847,-0.379389,-2.1368,1.4119,*,*
144,0.0846154,0.0933808,0.00900901,0.0170046,0.103774,0.112381,0.0188679,0.0163621,5.44847,-0.379389,-2.1368,1.4119,*,*
145,0.0846154,0.0934225,0.00900901,0.0169314,0.103774,0.112294,0.0188679,0.0163433,5.43503,-0.372219,-2.13998,1.44661,*,*
146,0.0846154,0.0934225,0.00900901,0.0169314,0.103774,0.112294,0.0188679,0.0163433,5.43503,-0.372219,-2.13998,1.44661,*,*
147,0.0846154,0.0934225,0.00900901,0.0169314,0.103774,0.112294,0.0188679,0.0163433,5.43503,-0.372219,-2.13998,1.44661,*,*
148,0.0846154,0.0934528,0.00900901,0.0168761,0.103774,0.112291,0.0188679,0.0163348,5.43245,-0.36758,-2.13791,1.41342,*,*
149,0.0846154,0.0934528,0.00900901,0.0168761,0.103774,0.112291,0.0188679,0.0163348,5.43245,-0.36758,-2.13791,1.41342,*,*
150,0.0846154,0.0934528,0.00900901,0.0168761,0.103774,0.112291,0.0188679,0.0163348,5.43245,-0.36758,-2.13791,1.41342,*,*
151,0.0846154,0.0935489,0.00900901,0.0168382,0.103774,0.112351,0.0188679,0.0163366,5.45097,-0.375926,-2.13175,1.39852,*,*
152,0.0846154,0.0935489,0.00900901,0.0168382,0.103774,0.112351,0.0188679,0.0163366,5.45097,-0.375926,-2.13175,1.39852,*,*
153,0.0846154,0.0935489,0.00900901,0.0168382,0.103774,0.112351,0.0188679,0.0163366,5.45097,-0.375926,-2.13175,1.39852,*,*
154,0.0846154,0.0937158,0.00900901,0.0168177,0.103774,0.112263,0.0188679,0.0163489,5.42431,-0.3717,-2.11875,1.39243,*,*
155,0.0846154,0.0937158,0.00900901,0.0168177,0.103774,0.112263,0.0188679,0.0163489,5.42431,-0.3717,-2.11875,1.39243,*,*
156,0.0846154,0.0937158,0.00900901,0.0168177,0.103774,0.112263,0.0188679,0.0163489,5.42431,-0.3717,-2.11875,1.39243,*,*
157,0.0846154,0.093988,0.00900901,0.016816,0.103774,0.112241,0.0188679,0.0163717,5.39904,-0.36602,-2.11977,1.43033,*,S
158,0.0846154,0.093988,0.00900901,0.016816,0.103774,0.112241,0.0188679,0.0163717,5.39904,-0.36602,-2.11977,1.43033,*,S
159,0.0846154,0.093988,0.00900901,0.016816,0.103774,0.112241,0.0188679,0.0163717,5.39904,-0.36602,-2.11977,1.43033,*,S
160,0.0846154,0.0941189,0.00900901,0.0168392,0.103774,0.11229,0.0188679,0.0164054,5.39281,-0.359213,-2.11559,1.45342,*,*
161,0.0846154,0.0941189,0.00900901,0.0168392,0.103774,0.11229,0.0188679,0.0164054,5.39281,-0.359213,-2.11559,1.45342,*,*
162,0.0846154,0.0941189,0.00900901,0.0168392,0.103774,0.11229,0.0188679,0.0164054,5.39281,-0.359213,-2.11559,1.45342,*,*
163,0.0846154,0.0942392,0.00900901,0.0168893,0.103774,0.11241,0.0188679,0.0164504,5.39229,-0.355742,-2.11897,1.4609,*,*
164,0.0846154,0.0942392,0.00900901,0.0168893,0.103774,0.11241,0.0188679,0.0164504,5.39229,-0.355742,-2.11897,1.4609,*,*
165,0.0846154,0.0942392,0.00900901,0.0168893,0.103774,0.11241,0.0188679,0.0164504,5.39229,-0.355742,-2.11897,1.4609,*,*
166,0.0846154,0.0944545,0.00900901,0.0165761,0.103774,0.112597,0.0188679,0.0165071,5.38503,-0.350308,-2.10606,1.42631,*,*
167,0.0846154,0.0944545,0.00900901,0.0165761,0.103774,0.112597,0.0188679,0.0165071,5.38503,-0.350308,-2.10606,1.42631,*,*
168,0.0846154,0.0944545,0.00900901,0.0165761,0.103774,0.112597,0.0188679,0.0165071,5.38503,-0.350308,-2.10606,1.42631,*,*
169,0.0846154,0.0947932,0.00900901,0.0163065,0.103774,0.112636,0.0188679,0.0165764,5.3799,-0.314152,-2.09506,1.47626,*,*
170,0.0846154,0.0947932,0.00900901,0.0163065,0.103774,0.112636,0.0188679,0.0165764,5.3799,-0.314152,-2.09506,1.47626,*,*
171,0.0846154,0.0947932,0.00900901,0.0163065,0.103774,0.112636,0.0188679,0.0165764,5.3799,-0.314152,-2.09506,1.47626,*,*
172,0.0846154,0.0953343,0.00900901,0.0160756,0.103774,0.112735,0.0188679,0.0166592,5.361,-0.2893,-2.07938,1.50727,*,S
173,0.0846154,0.0953343,0.00900901,0.0160756,0.103774,0.112735,0.0188679,0.0166592,5.361,-0.2893,-2.07938,1.50727,*,S
174,0.0846154,0.0953343,0.00900901,0.0160756,0.103774,0.112735,0.0188679,0.0166592,5.361,-0.2893,-2.07938,1.50727,*,S
175,0.0846154,0.0956999,0.00900901,0.0158741,0.103774,0.112915,0.0188679,0.0167569,5.33829,-0.269497,-2.07463,1.54688,*,*
176,0.0846154,0.0956999,0.00900901,0.0158741,0.103774,0.112915,0.0188679,0.0167569,5.33829,-0.269497,-2.07463,1.54688,*,*
177,0.0846154,0.0956999,0.00900901,0.0158741,0.103774,0.112915,0.0188679,0.0167569,5.33829,-0.269497,-2.07463,1.54688,*,*
178,0.0846154,0.0960718,0.00900901,0.0156975,0.103774,0.113189,0.0188679,0.0168714,5.31761,-0.239202,-2.06239,1.61402,S,*
179,0.0846154,0.0960718,0.00900901,0.0156975,0.103774,0.113189,0.0188679,0.0168714,5.31761,-0.239202,-2.06239,1.61402,S,*
180,0.0846154,0.0960718,0.00900901,0.0156975,0.103774,0.113189,0.0188679,0.0168714,5.31761,-0.239202,-2.06239,1.61402,S,*
181,0.0846154,0.0965188,0.00900901,0.0155426,0.103774,0.113296,0.0188679,0.0170064,5.32348,-0.22504,-2.04797,1.66233,*,*
182,0.0846154,0.0965188,0.00900901,0.0155426,0.103774,0.113296,0.0188679,0.0170064,5.32348,-0.22504,-2.04797,1.66233,*,*
183,0.0846154,0.0965188,0.00900901,0.0155426,0.103774,0.113296,0.0188679,0.0170064,5.32348,-0.22504,-2.04797,1.66233,*,*
184,0.0846154,0.0967896,0.00900901,0.0154072,0.103774,0.11325,0.0188679,0.0171697,5.29981,-0.220375,-2.04108,1.71348,*,*
185,0.0846154,0.0967896,0.00900901,0.0154072,0.103774,0.11325,0.0188679,0.0171697,5.29981,-0.220375,-2.04108,1.71348,*,*
186,0.0846154,0.0967896,0.00900901,0.0154072,0.103774,0.11325,0.0188679,0.0171697,5.29981,-0.220375,-2.04108,1.71348,*,*
187,0.0846154,0.0969475,0.00900901,0.0152894,0.103774,0.113286,0.0188679,0.0173948,5.30062,-0.195075,-2.03001,1.76796,*,*
188,0.0846154,0.0969475,0.00900901,0.0152894,0.103774,0.113286,0.0188679,0.0173948,5.30062,-0.195075,-2.03001,1.76796,*,*
189,0.0846154,0.0969475,0.00900901,0.0152894,0.103774,0.113286,0.0188679,0.0173948,5.30062,-0.195075,-2.03001,1.76796,*,*
190,0.0846154,0.0970114,0.00900901,0.0151876,0.103774,0.113384,0.0188679,0.0176021,5.32127,-0.183038,-2.03036,1.79826,*,*
191,0.0846154,0.0970114,0.00900901,0.0151876,0.103774,0.113384,0.0188679,0.0176021,5.32127,-0.183038,-2.03036,1.79826,*,*
192,0.0846154,0.0970114,0.00900901,0.0151876,0.103774,0.113384,0.0188679,0.0176021,5.32127,-0.183038,-2.03036,1.79826,*,*
193,0.0846154,0.0969523,0.00900901,0.0151004,0.103774,0.113324,0.0188679,0.0173648,5.33288,-0.183205,-2.02717,1.76153,*,*
194,0.0846154,0.0969523,0.00900901,0.0151004,0.103774,0.113324,0.0188679,0.0173648,5.33288,-0.183205,-2.02717,1.76153,*,*
195,0.0846154,0.0969523,0.00900901,0.0151004,0.103774,0.113324,0.0188679,0.0173648,5.33288,-0.183205,-2.02717,1.76153,*,*
196,0.0846154,0.096945,0.00900901,0.0150269,0.103774,0.113334,0.0188679,0.0172765,5.31592,-0.202634,-2.02982,1.73689,*,S
197,0.0846154,0.096945,0.00900901,0.0150269,0.103774,0.113334,0.0188679,0.0172765,5.31592,-0.202634,-2.02982,1.73689,*,S
198,0.0846154,0.096945,0.00900901,0.0150269,0.103774,0.113334,0.0188679,0.0172765,5.31592,-0.202634,-2.02982,1.73689,*,S
199,0.0846154,0.0968083,0.00900901,0.0149661,0.103774,0.113426,0.0188679,0.0172147,5.34037,-0.207696,-2.0298,1.69745,*,*
200,0.0846154,0.0968083,0.00900901,0.0149661,0.103774,0.113426,0.0188679,0.0172147,5.34037,-0.207696,-2.0298,1.69745,*,*
201,0.0846154,0.0968083,0.00900901,0.0149661,0.103774,0.113426,0.0188679,0.0172147,5.34037,-0.207696,-2.0298,1.69745,*,*
202,0.0846154,0.0968674,0.00900901,0.0149172,0.103774,0.113603,0.0188679,0.01717,5.34524,-0.207128,-2.03464,1.69066,R,*
203,0.0846154,0.0968674,0.00900901,0.0149172,0.103774,0.113603,0.0188679,0.01717,5.34524,-0.207128,-2.03464,1.69066,R,*
204,0.0846154,0.0968674,0.00900901,0.0149172,0.103774,0.113603,0.0188679,0.01717,5.34524,-0.207128,-2.03464,1.69066,R,*
205,0.0846154,0.0968093,0.00900901,0.0148799,0.103774,0.113885,0.0188679,0.0171395,5.35797,-0.219618,-2.03934,1.74545,S,*
206,0.0846154,0.0968093,0.00900901,0.0148799,0.103774,0.113885,0.0188679,0.0171395,5.35797,-0.219618,-2.03934,1.74545,S,*
207,0.0846154,0.0968093,0.00900901,0.0148799,0.103774,0.113885,0.0188679,0.0171395,5.35797,-0.219618,-2.03934,1.74545,S,*
208,0.0846154,0.0964168,0.00900901,0.0148536,0.103774,0.114308,0.0188679,0.017123,5.39762,-0.231954,-2.02743,1.68055,*,*
209,0.0846154,0.0964168,0.00900901,0.0148536,0.103774,0.114308,0.0188679,0.017123,5.39762,-0.231954,-2.02743,1.68055,*,*
210,0.0846154,0.0964168,0.00900901,0.0148536,0.103774,0.114308,0.0188679,0.017123,5.39762,-0.231954,-2.02743,1.68055,*,*
211,0.0846154,0.0961064,0.00900901,0.014838,0.103774,0.114769,0.0188679,0.017123,5.45063,-0.247326,-2.03136,1.67798,R,R
212,0.0846154,0.0961064,0.00900901,0.014838,0.103774,0.114769,0.0188679,0.017123,5.45063,-0.247326,-2.03136,1.67798,R,R
213,0.0846154,0.0961064,0.00900901,0.014838,0.103774,0.114769,0.0188679,0.017123,5.45063,-0.247326,-2.03136,1.67798,R,R
214,0.0846154,0.095576,0.00900901,0.0148331,0.103774,0.115044,0.0188679,0.0171489,5.47457,-0.258092,-2.03369,1.61139,*,*
215,0.0846154,0.095576,0.00900901,0.0148331,0.103774,0.115044,0.0188679,0.0171489,5.47457,-0.258092,-2.03369,1.61139,*,*
216,0.0846154,0.095576,0.00900901,0.0148331,0.103774,0.115044,0.0188679,0.0171489,5.47457,-0.258092,-2.03369,1.61139,*,*
217,0.0846154,0.0950278,0.00900901,0.0148388,0.103774,0.11551,0.0188679,0.0173224,5.5335,-0.271855,-2.05103,1.61882,*,*
218,0.0846154,0.0950278,0.00900901,0.0148388,0.103774,0.11551,0.0188679,0.0173224,5.5335,-0.271855,-2.05103,1.61882,*,*
219,0.0846154,0.0950278,0.00900901,0.0148388,0.103774,0.11551,0.0188679,0.0173224,5.5335,-0.271855,-2.05103,1.61882,*,*
220,0.0846154,0.0938719,0.00900901,0.0148552,0.103774,0.116064,0.0188679,0.0169748,5.67347,-0.30806,-2.06116,1.48402,*,*
221,0.0846154,0.0938719,0.00900901,0.0148552,0.103774,0.116064,0.0188679,0.0169748,5.67347,-0.30806,-2.06116,1.48402,*,*
222,0.0846154,0.0938719,0.00900901,0.0148552,0.103774,0.116064,0.0188679,0.0169748,5.67347,-0.30806,-2.06116,1.48402,*,*
223,0.0846154,0.0917067,0.00900901,0.0148828,0.103774,0.116293,0.0188679,0.0165807,5.87055,-0.371362,-2.08251,1.34673,*,*
224,0.0846154,0.0917067,0.00900901,0.0148828,0.103774,0.116293,0.0188679,0.0165807,5.87055,-0.371362,-2.08251,1.34673,*,*
225,0.0846154,0.0917067,0.00900901,0.0148828,0.103774,0.116293,0.0188679,0.0165807,5.87055,-0.371362,-2.08251,1.34673,*,*
226,0.0846154,0.0900129,0.00900901,0.014922,0.103774,0.116411,0.0188679,0.0162598,6.02031,-0.406065,-2.10629,1.27035,*,*
227,0.0846154,0.0900129,0.00900901,0.014922,0.103774,0.116411,0.0188679,0.0162598,6.02031,-0.406065,-2.10629,1.27035,*,*
228,0.0846154,0.0900129,0.00900901,0.014922,0.103774,0.116411,0.0188679,0.0162598,6.02031,-0.406065,-2.10629,1.27035,*,*
229,0.0846154,0.088757,0.00900901,0.0149737,0.103774,0.116721,0.0188679,0.0159771,6.22219,-0.459087,-2.10725,1.16693,*,*
230,0.0846154,0.088757,0.00900901,0.0149737,0.103774,0.116721,0.0188679,0.0159771,6.22219,-0.459087,-2.10725,1.16693,*,*
231,0.0846154,0.088757,0.00900901,0.0149737,0.103774,0.116721,0.0188679,0.0159771,6.22219,-0.459087,-2.10725,1.16693,*,*
232,0.0846154,0.0878084,0.00900901,0.0150395,0.103774,0.117369,0.0188679,0.015724,6.32178,-0.514736,-2.14792,1.08825,*,S
233,0.0846154,0.0878084,0.00900901,0.0150395,0.103774,0.117369,0.0188679,0.015724,6.32178,-0.514736,-2.14792,1.08825,*,S
234,0.0846154,0.0878084,0.00900901,0.0150395,0.103774,0.117369,0.0188679,0.015724,6.32178,-0.514736,-2.14792,1.08825,*,S
235,0.0846154,0.0870884,0.00900901,0.0151224,0.103774,0.117919,0.0188679,0.015496,6.46175,-0.536531,-2.1511,1.05414,*,S
236,0.0846154,0.0870884,0.00900901,0.0151224,0.103774,0.117919,0.0188679,0.015496,6.46175,-0.536531,-2.1511,1.05414,*,S
237,0.0846154,0.0870884,0.00900901,0.0151224,0.103774,0.117919,0.0188679,0.015496,6.46175,-0.536531,-2.1511,1.05414,*,S
238,0.0846154,0.0865469,0.00900901,0.0152358,0.103774,0.118121,0.0188679,0.0152902,6.51394,-0.583567,-2.15956,1.03297,*,*
239,0.0846154,0.0865469,0.00900901,0.0152358,0.103774,0.118121,0.0188679,0.0152902,6.51394,-0.583567,-2.15956,1.03297,*,*
240,0.0846154,0.0865469,0.00900901,0.0152358,0.103774,0.118121,0.0188679,0.0152902,6.51394,-0.583567,-2.15956,1.03297,*,*
241,0.0846154,0.0861525,0.00900901,0.0153037,0.103774,0.118057,0.0188679,0.0151044,6.62981,-0.593612,-2.16979,1.02081,*,*
242,0.0846154,0.0861525,0.00900901,0.0153037,0.103774,0.118057,0.0188679,0.0151044,6.62981,-0.593612,-2.16979,1.02081,*,*
243,0.0846154,0.0861525,0.00900901,0.0153037,0.103774,0.118057,0.0188679,0.0151044,6.62981,-0.593612,-2.16979,1.02081,*,*
244,0.0846154,0.085905,0.00900901,0.0151193,0.103774,0.117702,0.0188679,0.014937,6.64224,-0.590385,-2.16007,1.02411,*,*
245,0.0846154,0.085905,0.00900901,0.0151193,0.103774,0.117702,0.0188679,0.014937,6.64224,-0.590385,-2.16007,1.02411,*,*
246,0.0846154,0.085905,0.00900901,0.0151193,0.103774,0.117702,0.0188679,0.014937,6.64224,-0.590385,-2.16007,1.02411,*,*
247,0.0846154,0.0853186,0.00900901,0.0150044,0.103774,0.117437,0.0188679,0.0147865,6.64457,-0.604101,-2.16957,1.00961,*,*
248,0.0846154,0.0853186,0.00900901,0.0150044,0.103774,0.117437,0.0188679,0.0147865,6.64457,-0.604101,-2.16957,1.00961,*,*
249,0.0846154,0.0853186,0.00900901,0.0150044,0.103774,0.117437,0.0188679,0.0147865,6.64457,-0.604101,-2.16957,1.00961,*,*
250,0.0846154,0.0846969,0.00900901,0.0149107,0.103774,0.116886,0.0188679,0.0146518,6.69463,-0.606247,-2.17254,1.01456,*,*
251,0.0846154,0.0846969,0.00900901,0.0149107,0.103774,0.116886,0.0188679,0.0146518,6.69463,-0.606247,-2.17254,1.01456,*,*
252,0.0846154,0.0846969,0.00900901,0.0149107,0.103774,0.116886,0.0188679,0.0146518,6.69463,-0.606247,-2.17254,1.01456,*,*
253,0.0846154,0.0842331,0.00900901,0.0148334,0.103774,0.115961,0.0188679,0.0145319,6.70308,-0.605219,-2.16468,1.00234,*,*
254,0.0846154,0.0842331,0.00900901,0.0148334,0.103774,0.115961,0.0188679,0.0145319,6.70308,-0.605219,-2.16468,1.00234,*,*
255,0.0846154,0.0842331,0.00900901,0.0148334,0.103774,0.115961,0.0188679,0.0145319,6.70308,-0.605219,-2.16468,1.00234,*,*
256,0.0846154,0.0836046,0.00900901,0.0147705,0.103774,0.115374,0.0188679,0.0144259,6.72589,-0.614139,-2.18326,1.00583,*,*
257,0.0846154,0.0836046,0.00900901,0.0147705,0.103774,0.115374,0.0188679,0.0144259,6.72589,-0.614139,-2.18326,1.00583,*,*
258,0.0846154,0.0836046,0.00900901,0.0147705,0.103774,0.115374,0.0188679,0.0144259,6.72589,-0.614139,-2.18326,1.00583,*,*
259,0.0846154,0.0825503,0.00900901,0.0147206,0.103774,0.115012,0.0188679,0.014333,6.85863,-0.635159,-2.17819,0.993557,*,*
260,0.0846154,0.0825503,0.00900901,0.0147206,0.103774,0.115012,0.0188679,0.014333,6.85863,-0.635159,-2.17819,0.993557,*,*
261,0.0846154,0.0825503,0.00900901,0.0147206,0.103774,0.115012,0.0188679,0.014333,6.85863,-0.635159,-2.17819,0.993557,*,*
262,0.0846154,0.0817589,0.00900901,0.014683,0.103774,0.114791,0.0188679,0.0142527,7.00136,-0.659119,-2.19123,0.987284,*,*
263,0.0846154,0.0817589,0.00900901,0.014683,0.103774,0.114791,0.0188679,0.0142527,7.00136,-0.659119,-2.19123,0.987284,*,*
264,0.0846154,0.0817589,0.00900901,0.014683,0.103774,0.114791,0.0188679,0.0142527,7.00136,-0.659119,-2.19123,0.987284,*,*
265,0.0846154,0.0811592,0.00900901,0.0146571,0.103774,0.114683,0.0188679,0.0141844,7.1193,-0.663394,-2.19944,0.9839,*,*
266,0.0846154,0.0811592,0.00900901,0.0146571,0.103774,0.114683,0.0188679,0.0141844,7.1193,-0.663394,-2.19944,0.9839,*,*
267,0.0846154,0.0811592,0.00900901,0.0146571,0.103774,0.114683,0.0188679,0.0141844,7.1193,-0.663394,-2.19944,0.9839,*,*
268,0.0846154,0.0807128,0.00900901,0.0146426,0.103774,0.114586,0.0188679,0.0141276,7.11694,-0.672304,-2.20605,0.979905,*,*
269,0.0846154,0.0807128,0.00900901,0.0146426,0.103774,0.114586,0.0188679,0.0141276,7.11694,-0.672304,-2.20605,0.979905,*,*
270,0.0846154,0.0807128,0.00900901,0.0146426,0.103774,0.114586,0.0188679,0.0141276,7.11694,-0.672304,-2.20605,0.979905,*,*
271,0.0846154,0.0803945,0.00900901,0.0146392,0.103774,0.114362,0.0188679,0.014082,7.14049,-0.67703,-2.2046,0.986459,*,S
272,0.0846154,0.0803945,0.00900901,0.0146392,0.103774,0.114362,0.0188679,0.014082,7.14049,-0.67703,-2.2046,0.986459,*,S
273,0.0846154,0.0803945,0.00900901,0.0146392,0.103774,0.114362,0.0188679,0.014082,7.14049,-0.67703,-2.2046,0.986459,*,S
274,0.0846154,0.0802064,0.00900901,0.014647,0.103774,0.114259,0.0188679,0.0140473,7.24933,-0.683017,-2.21598,0.981874,*,*
275,0.0846154,0.0802064,0.00900901,0.014647,0.103774,0.114259,0.0188679,0.0140473,7.24933,-0.683017,-2.21598,0.981874,*,*
276,0.0846154,0.0802064,0.00900901,0.014647,0.103774,0.114259,0.0188679,0.0140473,7.24933,-0.683017,-2.21598,0.981874,*,*
277,0.0846154,0.0794402,0.00900901,0.014666,0.103774,0.114176,0.0188679,0.0140232,7.37944,-0.690084,-2.22131,0.986822,*,*
278,0.0846154,0.0794402,0.00900901,0.014666,0.103774,0.114176,0.0188679,0.0140232,7.37944,-0.690084,-2.22131,0.986822,*,*
279,0.0846154,0.0794402,0.00900901,0.014666,0.103774,0.114176,0.0188679,0.0140232,7.37944,-0.690084,-2.22131,0.986822,*,*
280,0.0846154,0.0786001,0.00900901,0.0146964,0.103774,0.113983,0.0188679,0.0140096,7.42715,-0.703684,-2.23413,0.985841,*,*
281,0.0846154,0.0786001,0.00900901,0.0146964,0.103774,0.113983,0.0188679,0.0140096,7.42715,-0.703684,-2.23413,0.985841,*,*
282,0.0846154,0.0786001,0.00900901,0.0146964,0.103774,0.113983,0.0188679,0.0140096,7.42715,-0.703684,-2.23413,0.985841,*,*
283,0.0846154,0.0779874,0.00900901,0.0147386,0.103774,0.113936,0.0188679,0.0140064,7.57752,-0.712563,-2.24091,0.978142,*,S
284,0.0846154,0.0779874,0.00900901,0.0147386,0.103774,0.113936,0.0188679,0.0140064,7.57752,-0.712563,-2.24091,0.978142,*,S
285,0.0846154,0.0779874,0.00900901,0.0147386,0.103774,0.113936,0.0188679,0.0140064,7.57752,-0.712563,-2.24091,0.978142,*,S
286,0.0846154,0.0775501,0.00900901,0.0147931,0.103774,0.113557,0.0188679,0.0140135,7.70217,-0.711287,-2.24566,0.973584,*,*
287,0.0846154,0.0775501,0.00900901,0.0147931,0.103774,0.113557,0.0188679,0.0140135,7.70217,-0.711287,-2.24566,0.973584,*,*
288,0.0846154,0.0775501,0.00900901,0.0147931,0.103774,0.113557,0.0188679,0.0140135,7.70217,-0.711287,-2.24566,0.973584,*,*
289,0.0846154,0.0772542,0.00900901,0.0148606,0.103774,0.113007,0.0188679,0.014031,7.66504,-0.715677,-2.24439,0.984159,*,*
290,0.0846154,0.0772542,0.00900901,0.0148606,0.103774,0.113007,0.0188679,0.014031,7.66504,-0.715677,-2.24439,0.984159,*,*
291,0.0846154,0.0772542,0.00900901,0.0148606,0.103774,0.113007,0.0188679,0.014031,7.66504,-0.715677,-2.24439,0.984159,*,*
292,0.0846154,0.0770782,0.00900901,0.0149419,0.103774,0.112654,0.0188679,0.0140589,7.711,-0.720652,-2.2491,0.98684,S,*
293,0.0846154,0.0770782,0.00900901,0.0149419,0.103774,0.112654,0.0188679,0.0140589,7.711,-0.720652,-2.2491,0.98684,S,*
294,0.0846154,0.0770782,0.00900901,0.0149419,0.103774,0.112654,0.0188679,0.0140589,7.711,-0.720652,-2.2491,0.98684,S,*
295,0.0846154,0.0770094,0.00900901,0.0150381,0.103774,0.112461,0.0188679,0.0140975,7.73777,-0.724579,-2.25845,0.98077,*,*
296,0.0846154,0.0770094,0.00900901,0.0150381,0.103774,0.112461,0.0188679,0.0140975,7.73777,-0.724579,-2.25845,0.98077,*,*
297,0.0846154,0.0770094,0.00900901,0.0150381,0.103774,0.112461,0.0188679,0.0140975,7.73777,-0.724579,-2.25845,0.98077,*,*
298,0.0846154,0.0770438,0.00900901,0.0151504,0.103774,0.112143,0.0188679,0.0141469,7.68226,-0.72599,-2.26772,0.994969,*,*
299,0.0846154,0.0770438,0.00900901,0.0151504,0.103774,0.112143,0.0188679,0.0141469,7.68226,-0.72599,-2.26772,0.994969,*,*
300,0.0846154,0.0770438,0.00900901,0.0151504,0.103774,0.112143,0.0188679,0.0141469,7.68226,-0.72599,-2.26772,0.994969,*,*
301,0.0846154,0.0771848,0.00900901,0.0152802,0.103774,0.111479,0.0188679,0.0142075,7.5686,-0.712649,-2.2684,1.00192,*,S
302,0.0846154,0.0771848,0.00900901,0.0152802,0.103774,0.111479,0.0188679,0.0142075,7.5686,-0.712649,-2.2684,1.00192,*,S
303,0.0846154,0.0771848,0.00900901,0.0152802,0.103774,0.111479,0.0188679,0.0142075,7.5686,-0.712649,-2.2684,1.00192,*,S
304,0.0846154,0.0774445,0.00900901,0.0154294,0.103774,0.110605,0.0188679,0.0142795,7.56892,-0.702463,-2.26258,1.02231,*,*
305,0.0846154,0.0774445,0.00900901,0.0154294,0.103774,0.110605,0.0188679,0.0142795,7.56892,-0.702463,-2.26258,1.02231,*,*
306,0.0846154,0.0774445,0.00900901,0.0154294,0.103774,0.110605,0.0188679,0.0142795,7.56892,-0.702463,-2.26258,1.02231,*,*
307,0.0846154,0.0778451,0.00900901,0.0156,0.103774,0.109461,0.0188679,0.0143634,7.44944,-0.686307,-2.26913,1.04366,*,*
308,0.0846154,0.0778451,0.00900901,0.0156,0.103774,0.109461,0.0188679,0.0143634,7.44944,-0.686307,-2.26913,1.04366,*,*
309,0.0846154,0.0778451,0.00900901,0.0156,0.103774,0.109461,0.0188679,0.0143634,7.44944,-0.686307,-2.26913,1.04366,*,*
310,0.0846154,0.0784382,0.00900901,0.0157943,0.103774,0.108625,0.0188679,0.0144597,7.29395,-0.6787,-2.25535,1.0449,*,*
311,0.0846154,0.0784382,0.00900901,0.0157943,0.103774,0.108625,0.0188679,0.0144597,7.29395,-0.6787,-2.25535,1.0449,*,*
312,0.0846154,0.0784382,0.00900901,0.0157943,0.103774,0.108625,0.0188679,0.0144597,7.29395,-0.6787,-2.25535,1.0449,*,*
313,0.0846154,0.0785827,0.00900901,0.0160154,0.103774,0.107997,0.0188679,0.0145691,7.28201,-0.678317,-2.26099,1.06862,*,*
314,0.0846154,0.0785827,0.00900901,0.0160154,0.103774,0.107997,0.0188679,0.0145691,7.28201,-0.678317,-2.26099,1.06862,*,*
315,0.0846154,0.0785827,0.00900901,0.0160154,0.103774,0.107997,0.0188679,0.0145691,7.28201,-0.678317,-2.26099,1.06862,*,*
316,0.0846154,0.0785702,0.00900901,0.0162666,0.103774,0.107526,0.0188679,0.0146922,7.15065,-0.662635,-2.26412,1.07505,*,*
317,0.0846154,0.0785702,0.00900901,0.0162666,0.103774,0.107526,0.0188679,0.0146922,7.15065,-0.662635,-2.26412,1.07505,*,*
318,0.0846154,0.0785702,0.00900901,0.0162666,0.103774,0.107526,0.0188679,0.0146922,7.15065,-0.662635,-2.26412,1.07505,*,*
319,0.0846154,0.0786777,0.00900901,0.016552,0.103774,0.107184,0.0188679,0.0148298,7.11491,-0.667447,-2.28068,1.09869,*,*
320,0.0846154,0.0786777,0.00900901,0.016552,0.103774,0.107184,0.0188679,0.0148298,7.11491,-0.667447,-2.28068,1.09869,*,*
321,0.0846154,0.0786777,0.00900901,0.016552,0.103774,0.107184,0.0188679,0.0148298,7.11491,-0.667447,-2.28068,1.09869,*,*
322,0.0846154,0.078902,0.00900901,0.0168767,0.103774,0.106954,0.0188679,0.0149827,6.98152,-0.655143,-2.28055,1.10443,*,*
323,0.0846154,0.078902,0.00900901,0.0168767,0.103774,0.106954,0.0188679,0.0149827,6.98152,-0.655143,-2.28055,1.10443,*,*
324,0.0846154,0.078902,0.00900901,0.0168767,0.103774,0.106954,0.0188679,0.0149827,6.98152,-0.655143,-2.28055,1.10443,*,*
325,0.0846154,0.0792527,0.00900901,0.017247,0.103774,0.106845,0.0188679,0.0151521,6.95341,-0.662999,-2.2876,1.14787,*,*
326,0.0846154,0.0792527,0.00900901,0.017247,0.103774,0.106845,0.0188679,0.0151521,6.95341,-0.662999,-2.2876,1.14787,*,*
327,0.0846154,0.0792527,0.00900901,0.017247,0.103774,0.106845,0.0188679,0.0151521,6.95341,-0.662999,-2.2876,1.14787,*,*
328,0.0846154,0.0797491,0.00900901,0.017673,0.103774,0.106568,0.0188679,0.015339,6.89324,-0.647477,-2.28389,1.15985,*,*
329,0.0846154,0.0797491,0.00900901,0.017673,0.103774,0.106568,0.0188679,0.015339,6.89324,-0.647477,-2.28389,1.15985,*,*
330,0.0846154,0.0797491,0.00900901,0.017673,0.103774,0.106568,0.0188679,0.015339,6.89324,-0.647477,-2.28389,1.15985,*,*
331,0.0846154,0.0804219,0.00900901,0.018209,0.103774,0.106281,0.0188679,0.0155448,6.8007,-0.660004,-2.29672,1.18327,*,*
332,0.0846154,0.0804219,0.00900901,0.018209,0.103774,0.106281,0.0188679,0.0155448,6.8007,-0.660004,-2.29672,1.18327,*,*
333,0.0846154,0.0804219,0.00900901,0.018209,0.103774,0.106281,0.0188679,0.0155448,6.8007,-0.660004,-2.29672,1.18327,*,*
334,0.0846154,0.0813158,0.00900901,0.0183637,0.103774,0.106106,0.0188679,0.015771,6.67945,-0.635993,-2.28499,1.20502,*,*
335,0.0846154,0.0813158,0.00900901,0.0183637,0.103774,0.106106,0.0188679,0.015771,6.67945,-0.635993,-2.28499,1.20502,*,*
336,0.0846154,0.0813158,0.00900901,0.0183637,0.103774,0.106106,0.0188679,0.015771,6.67945,-0.635993,-2.28499,1.20502,*,*
337,0.0846154,0.0824951,0.00900901,0.0183969,0.103774,0.105792,0.0188679,0.0160193,6.44526,-0.600824,-2.26544,1.27029,S,*
338,0.0846154,0.0824951,0.00900901,0.0183969,0.103774,0.105792,0.0188679,0.0160193,6.44526,-0.600824,-2.26544,1.27029,S,*
339,0.0846154,0.0824951,0.00900901,0.0183969,0.103774,0.105792,0.0188679,0.0160193,6.44526,-0.600824,-2.26544,1.27029,S,*
340,0.0846154,0.0840563,0.00900901,0.018464,0.103774,0.105493,0.0188679,0.0162917,6.14554,-0.54901,-2.23885,1.38144,*,S
341,0.0846154,0.0840563,0.00900901,0.018464,0.103774,0.105493,0.0188679,0.0162917,6.14554,-0.54901,-2.23885,1.38144,*,S
342,0.0846154,0.0840563,0.00900901,0.018464,0.103774,0.105493,0.0188679,0.0162917,6.14554,-0.54901,-2.23885,1.38144,*,S
343,0.0846154,0.085985,0.00900901,0.0185537,0.103774,0.105192,0.0188679,0.0165906,5.83948,-0.496576,-2.21157,1.46781,*,*
344,0.0846154,0.085985,0.00900901,0.0185537,0.103774,0.105192,0.0188679,0.0165906,5.83948,-0.496576,-2.21157,1.46781,*,*
345,0.0846154,0.085985,0.00900901,0.0185537,0.103774,0.105192,0.0188679,0.0165906,5.83948,-0.496576,-2.21157,1.46781,*,*
346,0.0846154,0.0866224,0.00900901,0.0186651,0.103774,0.104756,0.0188679,0.0169188,5.61545,-0.47357,-2.19851,1.51386,*,*
347,0.0846154,0.0866224,0.00900901,0.0186651,0.103774,0.104756,0.0188679,0.0169188,5.61545,-0.47357,-2.19851,1.51386,*,*
348,0.0846154,0.0866224,0.00900901,0.0186651,0.103774,0.104756,0.0188679,0.0169188,5.61545,-0.47357,-2.19851,1.51386,*,*
349,0.0846154,0.0868035,0.00900901,0.0187995,0.103774,0.104313,0.0188679,0.0172799,5.5838,-0.442139,-2.20641,1.56542,*,*
350,0.0846154,0.0868035,0.00900901,0.0187995,0.103774,0.104313,0.0188679,0.0172799,5.5838,-0.442139,-2.20641,1.56542,*,*
351,0.0846154,0.0868035,0.00900901,0.0187995,0.103774,0.104313,0.0188679,0.0172799,5.5838,-0.442139,-2.20641,1.56542,*,*
352,0.0846154,0.0871511,0.00900901,0.0189588,0.103774,0.103693,0.0188679,0.0176793,5.5268,-0.413212,-2.19219,1.68141,*,*
353,0.0846154,0.0871511,0.00900901,0.0189588,0.103774,0.103693,0.0188679,0.0176793,5.5268,-0.413212,-2.19219,1.68141,*,*
354,0.0846154,0.0871511,0.00900901,0.0189588,0.103774,0.103693,0.0188679,0.0176793,5.5268,-0.413212,-2.19219,1.68141,*,*
355,0.0846154,0.0876162,0.00900901,0.0191458,0.103774,0.103231,0.0188679,0.0181265,5.42986,-0.375915,-2.18246,1.7,*,*
356,0.0846154,0.0876162,0.00900901,0.0191458,0.103774,0.103231,0.0188679,0.0181265,5.42986,-0.375915,-2.18246,1.7,*,*
357,0.0846154,0.0876162,0.00900901,0.0191458,0.103774,0.103231,0.0188679,0.0181265,5.42986,-0.375915,-2.18246,1.7,*,*
358,0.0846154,0.0877727,0.00900901,0.019364,0.103774,0.102885,0.0188679,0.0186572,5.41463,-0.352848,-2.17694,1.79498,*,S
359,0.0846154,0.0877727,0.00900901,0.019364,0.103774,0.102885,0.0188679,0.0186572,5.41463,-0.352848,-2.17694,1.79498,*,S
360,0.0846154,0.0877727,0.00900901,0.019364,0.103774,0.102885,0.0188679,0.0186572,5.41463,-0.352848,-2.17694,1.79498,*,S
361,0.0846154,0.0875715,0.00900901,0.0196178,0.103774,0.102638,0.0188679,0.0191185,5.38304,-0.34698,-2.17942,1.82525,*,S
362,0.0846154,0.0875715,0.00900901,0.0196178,0.103774,0.102638,0.0188679,0.0191185,5.38304,-0.34698,-2.17942,1.82525,*,S
363,0.0846154,0.0875715,0.00900901,0.0196178,0.103774,0.102638,0.0188679,0.0191185,5.38304,-0.34698,-2.17942,1.82525,*,S
364,0.0846154,0.0874869,0.00900901,0.0199125,0.103774,0.102462,0.0188679,0.018996,5.37476,-0.366866,-2.19028,1.80571,*,*
365,0.0846154,0.0874869,0.00900901,0.0199125,0.103774,0.102462,0.0188679,0.018996,5.37476,-0.366866,-2.19028,1.80571,*,*
366,0.0846154,0.0874869,0.00900901,0.0199125,0.103774,0.102462,0.0188679,0.018996,5.37476,-0.366866,-2.19028,1.80571,*,*
367,0.0846154,0.087516,0.00900901,0.0202546,0.103774,0.102086,0.0188679,0.0190231,5.33357,-0.36533,-2.18732,1.80721,S,*
368,0.0846154,0.087516,0.00900901,0.0202546,0.103774,0.102086,0.0188679,0.0190231,5.33357,-0.36533,-2.18732,1.80721,S,*
369,0.0846154,0.087516,0.00900901,0.0202546,0.103774,0.102086,0.0188679,0.0190231,5.33357,-0.36533,-2.18732,1.80721,S,*
370,0.0846154,0.0876422,0.00900901,0.020652,0.103774,0.101792,0.0188679,0.0190779,5.32071,-0.376118,-2.18907,1.8403,*,*
371,0.0846154,0.0876422,0.00900901,0.020652,0.103774,0.101792,0.0188679,0.0190779,5.32071,-0.376118,-2.18907,1.8403,*,*
372,0.0846154,0.0876422,0.00900901,0.020652,0.103774,0.101792,0.0188679,0.0190779,5.32071,-0.376118,-2.18907,1.8403,*,*
373,0.0846154,0.0878633,0.00900901,0.0211144,0.103774,0.101597,0.0188679,0.0191513,5.27007,-0.390056,-2.1937,1.85837,*,*
374,0.0846154,0.0878633,0.00900901,0.0211144,0.103774,0.101597,0.0188679,0.0191513,5.27007,-0.390056,-2.1937,1.85837,*,*
375,0.0846154,0.0878633,0.00900901,0.0211144,0.103774,0.101597,0.0188679,0.0191513,5.27007,-0.390056,-2.1937,1.85837,*,*
376,0.0846154,0.0881855,0.00900901,0.0216538,0.103774,0.101527,0.0188679,0.0192407,5.27453,-0.395976,-2.19751,1.86885,S,*
377,0.0846154,0.0881855,0.00900901,0.0216538,0.103774,0.101527,0.0188679,0.0192407,5.27453,-0.395976,-2.19751,1.86885,S,*
378,0.0846154,0.0881855,0.00900901,0.0216538,0.103774,0.101527,0.0188679,0.0192407,5.27453,-0.395976,-2.19751,1.86885,S,*
379,0.0846154,0.0886229,0.00900901,0.0222847,0.103774,0.101317,0.0188679,0.0193454,5.17692,-0.411568,-2.21869,1.8898,*,*
380,0.0846154,0.0886229,0.00900901,0.0222847,0.103774,0.101317,0.0188679,0.0193454,5.17692,-0.411568,-2.21869,1.8898,*,*
381,0.0846154,0.0886229,0.00900901,0.0222847,0.103774,0.101317,0.0188679,0.0193454,5.17692,-0.411568,-2.21869,1.8898,*,*
382,0.0846154,0.0891982,0.00900901,0.0230255,0.103774,0.101153,0.0188679,0.0194661,5.15352,-0.441049,-2.22038,1.90539,*,*
383,0.0846154,0.0891982,0.00900901,0.0230255,0.103774,0.101153,0.0188679,0.0194661,5.15352,-0.441049,-2.22038,1.90539,*,*
384,0.0846154,0.0891982,0.00900901,0.0230255,0.103774,0.101153,0.0188679,0.0194661,5.15352,-0.441049,-2.22038,1.90539,*,*
385,0.0846154,0.089945,0.00900901,0.0238988,0.103774,0.101672,0.0188679,0.0196036,5.10929,-0.455798,-2.23038,1.91756,*,*
386,0.0846154,0.089945,0.00900901,0.0238988,0.103774,0.101672,0.0188679,0.0196036,5.10929,-0.455798,-2.23038,1.91756,*,*
387,0.0846154,0.089945,0.00900901,0.0238988,0.103774,0.101672,0.0188679,0.0196036,5.10929,-0.455798,-2.23038,1.91756,*,*
388,0.0846154,0.0909141,0.00900901,0.0249332,0.103774,0.100629,0.0188679,0.0197598,5.05419,-0.488408,-2.23209,1.94266,*,S
389,0.0846154,0.0909141,0.00900901,0.0249332,0.103774,0.100629,0.0188679,0.0197598,5.05419,-0.488408,-2.23209,1.94266,*,S
390,0.0846154,0.0909141,0.00900901,0.0249332,0.103774,0.100629,0.0188679,0.0197598,5.05419,-0.488408,-2.23209,1.94266,*,S
391,0.0846154,0.0920851,0.00900901,0.0261647,0.103774,0.0984287,0.0188679,0.0199371,4.86117,-0.487297,-2.23495,2.00567,*,S
392,0.0846154,0.0920851,0.00900901,0.0261647,0.103774,0.0984287,0.0188679,0.0199371,4.86117,-0.487297,-2.23495,2.00567,*,S
393,0.0846154,0.0920851,0.00900901,0.0261647,0.103774,0.0984287,0.0188679,0.0199371,4.86117,-0.487297,-2.23495,2.00567,*,S
394,0.0846154,0.0927144,0.00900901,0.0276395,0.103774,0.0969283,0.0188679,0.0201394,4.71382,-0.523879,-2.24077,2.02518,*,*
395,0.0846154,0.0927144,0.00900901,0.0276395,0.103774,0.0969283,0.0188679,0.0201394,4.71382,-0.523879,-2.24077,2.02518,*,*
396,0.0846154,0.0927144,0.00900901,0.0276395,0.103774,0.0969283,0.0188679,0.0201394,4.71382,-0.523879,-2.24077,2.02518,*,*
397,0.0846154,0.0934802,0.00900901,0.0294171,0.103774,0.0958199,0.0188679,0.0203733,4.59014,-0.585141,-2.24654,2.01617,*,*
398,0.0846154,0.0934802,0.00900901,0.0294171,0.103774,0.0958199,0.0188679,0.0203733,4.59014,-0.585141,-2.24654,2.01617,*,*
399,0.0846154,0.0934802,0.00900901,0.0294171,0.103774,0.0958199,0.0188679,0.0203733,4.59014,-0.585141,-2.24654,2.01617,*,*
400,0.0846154,0.0939849,0.00900901,0.0315771,0.103774,0.09498,0.0188679,0.0206534,4.50326,-0.668231,-2.2565,1.97225,*,*
401,0.0846154,0.0939849,0.00900901,0.0315771,0.103774,0.09498,0.0188679,0.0206534,4.50326,-0.668231,-2.2565,1.97225,*,*
402,0.0846154,0.0939849,0.00900901,0.0315771,0.103774,0.09498,0.0188679,0.0206534,4.50326,-0.668231,-2.2565,1.97225,*,*
403,0.0846154,0.0940408,0.0800801,0.0693406,0.103774,0.0943453,0.0188679,0.0211089,4.4505,-1.34269,-5.56337,1.02154,*,*
404,0.0846154,0.0940408,0.0800801,0.0693406,0.103774,0.0943453,0.0188679,0.0211089,4.4505,-1.34269,-5.56337,1.02154,*,*
405,0.0846154,0.0940408,0.0800801,0.0693406,0.103774,0.0943453,0.0188679,0.0211089,4.4505,-1.34269,-5.56337,1.02154,*,*
406,0.0846154,0.0942325,0.0740741,0.0746239,0.103774,0.0938757,0.0188679,0.0211149,4.39631,-2.0969,-3.73778,-0.589548,*,*
407,0.0846154,0.0942325,0.0740741,0.0746239,0.103774,0.0938757,0.0188679,0.0211149,4.39631,-2.0969,-3.73778,-0.589548,*,*
408,0.0846154,0.0942325,0.0740741,0.0746239,0.103774,0.0938757,0.0188679,0.0211149,4.39631,-2.0969,-3.73778,-0.589548,*,*
409,0.0846154,0.0945306,0,0.0458375,0.103774,0.0935465,0.0188679,0.021086,4.37054,-1.8348,-3.18464,-0.339407,*,*
410,0.0846154,0.0945306,0,0.0458375,0.103774,0.0935465,0.0188679,0.021086,4.37054,-1.8348,-3.18464,-0.339407,*,*
411,0.0846154,0.0945306,0,0.0458375,0.103774,0.0935465,0.0188679,0.021086,4.37054,-1.8348,-3.18464,-0.339407,*,*
412,0.0846154,0.0949115,0,0.0326174,0.103774,0.0933448,0.0188679,0.0211155,4.32931,-1.65149,-3.05399,-0.16234,*,*
413,0.0846154,0.0949115,0,0.0326174,0.103774,0.0933448,0.0188679,0.0211155,4.32931,-1.65149,-3.05399,-0.16234,*,*
414,0.0846154,0.0949115,0,0.0326174,0.103774,0.0933448,0.0188679,0.0211155,4.32931,-1.65149,-3.05399,-0.16234,*,*
415,0.0846154,0.0950584,0,0.0262477,0.103774,0.0932705,0.0188679,0.0211762,4.30141,-1.5312,-2.75985,-0.0673762,*,S
416,0.0846154,0.0950584,0,0.0262477,0.103774,0.0932705,0.0188679,0.0211762,4.30141,-1.5312,-2.75985,-0.0673762,*,S
417,0.0846154,0.0950584,0,0.0262477,0.103774,0.0932705,0.0188679,0.0211762,4.30141,-1.5312,-2.75985,-0.0673762,*,S
418,0.0846154,0.0952799,0,0.0242991,0.103774,0.0932867,0.0188679,0.0212783,4.26514,-1.48863,-2.57118,0.0198206,*,*
419,0.0846154,0.0952799,0,0.0242991,0.103774,0.0932867,0.0188679,0.0212783,4.26514,-1.48863,-2.57118,0.0198206,*,*
420,0.0846154,0.0952799,0,0.0242991,0.103774,0.0932867,0.0188679,0.0212783,4.26514,-1.48863,-2.57118,0.0198206,*,*
421,0.0846154,0.0956086,0,0.0261563,0.103774,0.0929733,0.0188679,0.0214936,4.23447,-1.50868,-2.72803,-0.00593676,*,*
422,0.0846154,0.0956086,0,0.0261563,0.103774,0.0929733,0.0188679,0.0214936,4.23447,-1.50868,-2.72803,-0.00593676,*,*
423,0.0846154,0.0956086,0,0.0261563,0.103774,0.0929733,0.0188679,0.0214936,4.23447,-1.50868,-2.72803,-0.00593676,*,*
424,0.0846154,0.0960619,0,0.0323882,0.103774,0.092722,0.0188679,0.0212148,4.18509,-1.60831,-3.0281,-0.047773,*,*
425,0.0846154,0.0960619,0,0.0323882,0.103774,0.092722,0.0188679,0.0212148,4.18509,-1.60831,-3.0281,-0.047773,*,*
426,0.0846154,0.0960619,0,0.0323882,0.103774,0.092722,0.0188679,0.0212148,4.18509,-1.60831,-3.0281,-0.047773,*,*
427,0.0846154,0.0966743,0,0.0452919,0.103774,0.0925836,0.0188679,0.0210641,4.15679,-1.77163,-3.15742,-0.235017,*,*
428,0.0846154,0.0966743,0,0.0452919,0.103774,0.0925836,0.0188679,0.0210641,4.15679,-1.77163,-3.15742,-0.235017,*,*
429,0.0846154,0.0966743,0,0.0452919,0.103774,0.0925836,0.0188679,0.0210641,4.15679,-1.77163,-3.15742,-0.235017,*,*
430,0.0846154,0.097506,0,0.0724818,0.103774,0.0922289,0.0188679,0.0209613,4.10636,-2.01855,-3.6169,-0.463562,S,*
431,0.0846154,0.097506,0,0.0724818,0.103774,0.0922289,0.0188679,0.0209613,4.10636,-2.01855,-3.6169,-0.463562,S,*
432,0.0846154,0.097506,0,0.0724818,0.103774,0.0922289,0.0188679,0.0209613,4.10636,-2.01855,-3.6169,-0.463562,S,*
433,0.0846154,0.0986818,0.222222,0.107753,0.103774,0.0918662,0.0188679,0.0208856,4.04018,-2.21108,-4.37886,-0.616212,*,*
434,0.0846154,0.0986818,0.222222,0.107753,0.103774,0.0918662,0.0188679,0.0208856,4.04018,-2.21108,-4.37886,-0.616212,*,*
435,0.0846154,0.0986818,0.222222,0.107753,0.103774,0.0918662,0.0188679,0.0208856,4.04018,-2.21108,-4.37886,-0.616212,*,*
436,0.0846154,0.099548,0.222222,0.0980241,0.103774,0.0914977,0.0188679,0.0208297,3.97124,-2.15511,-3.99275,-0.494888,*,*
437,0.0846154,0.099548,0.222222,0.0980241,0.103774,0.0914977,0.0188679,0.0208297,3.97124,-2.15511,-3.99275,-0.494888,*,*
438,0.0846154,0.099548,0.222222,0.0980241,0.103774,0.0914977,0.0188679,0.0208297,3.97124,-2.15511,-3.99275,-0.494888,*,*
439,0.0846154,0.100395,0.518519,0.0577291,0.103774,0.0903608,0.0188679,0.0207898,3.91491,-1.24008,-2.8643,0.568606,*,*
440,0.0846154,0.100395,0.518519,0.0577291,0.103774,0.0903608,0.0188679,0.0207898,3.91491,-1.24008,-2.8643,0.568606,*,*
441,0.0846154,0.100395,0.518519,0.0577291,0.103774,0.0903608,0.0188679,0.0207898,3.91491,-1.24008,-2.8643,0.568606,*,*
442,0.0846154,0.101639,0.236137,0.0341019,0.103774,0.0894509,0.0188679,0.0207638,3.8274,-0.730822,-2.20937,1.24809,*,*
443,0.0846154,0.101639,0.236137,0.0341019,0.103774,0.0894509,0.0188679,0.0207638,3.8274,-0.730822,-2.20937,1.24809,*,*
444,0.0846154,0.101639,0.236137,0.0341019,0.103774,0.0894509,0.0188679,0.0207638,3.8274,-0.730822,-2.20937,1.24809,*,*
445,0.0846154,0.102367,0.0208729,0.0320547,0.103774,0.0888086,0.0188679,0.0207503,3.7964,-0.691933,-2.13017,1.29813,*,*
446,0.0846154,0.102367,0.0208729,0.0320547,0.103774,0.0888086,0.0188679,0.0207503,3.7964,-0.691933,-2.13017,1.29813,*,*
447,0.0846154,0.102367,0.0208729,0.0320547,0.103774,0.0888086,0.0188679,0.0207503,3.7964,-0.691933,-2.13017,1.29813,*,*
448,0.0846154,0.102714,0.0208729,0.031218,0.103774,0.0883676,0.0188679,0.0207485,3.74171,-0.667331,-2.10358,1.39505,*,*
449,0.0846154,0.102714,0.0208729,0.031218,0.103774,0.0883676,0.0188679,0.0207485,3.74171,-0.667331,-2.10358,1.39505,*,*
450,0.0846154,0.102714,0.0208729,0.031218,0.103774,0.0883676,0.0188679,0.0207485,3.74171,-0.667331,-2.10358,1.39505,*,*
451,0.0846154,0.10315,0.0208729,0.0307294,0.103774,0.0880849,0.0188679,0.0207578,3.72778,-0.644904,-2.08028,1.41339,*,*
452,0.0846154,0.10315,0.0208729,0.0307294,0.103774,0.0880849,0.0188679,0.0207578,3.72778,-0.644904,-2.08028,1.41339,*,*
453,0.0846154,0.10315,0.0208729,0.0307294,0.103774,0.0880849,0.0188679,0.0207578,3.72778,-0.644904,-2.08028,1.41339,*,*
454,0.0846154,0.103248,0.0208729,0.0304054,0.103774,0.0879343,0.0188679,0.0207781,3.70704,-0.641643,-2.0777,1.4087,*,S
455,0.0846154,0.103248,0.0208729,0.0304054,0.103774,0.0879343,0.0188679,0.0207781,3.70704,-0.641643,-2.0777,1.4087,*,S
456,0.0846154,0.103248,0.0208729,0.0304054,0.103774,0.0879343,0.0188679,0.0207781,3.70704,-0.641643,-2.0777,1.4087,*,S
457,0.0846154,0.102525,0.0208729,0.0301755,0.103774,0.0879025,0.0188679,0.0208093,3.71427,-0.625608,-2.06433,1.41333,*,*
458,0.0846154,0.102525,0.0208729,0.0301755,0.103774,0.0879025,0.0188679,0.0208093,3.71427,-0.625608,-2.06433,1.41333,*,*
459,0.0846154,0.102525,0.0208729,0.0301755,0.103774,0.0879025,0.0188679,0.0208093,3.71427,-0.625608,-2.06433,1.41333,*,*
460,0.0846154,0.102111,0.0208729,0.0300064,0.103774,0.0879879,0.0188679,0.0208515,3.70743,-0.628025,-2.06533,1.39315,*,*
461,0.0846154,0.102111,0.0208729,0.0300064,0.103774,0.0879879,0.0188679,0.0208515,3.70743,-0.628025,-2.06533,1.39315,*,*
462,0.0846154,0.102111,0.0208729,0.0300064,0.103774,0.0879879,0.0188679,0.0208515,3.70743,-0.628025,-2.06533,1.39315,*,*
463,0.0846154,0.101974,0.0208729,0.0298799,0.103774,0.0882,0.0188679,0.0209052,3.74646,-0.627252,-2.05674,1.25588,*,*
464,0.0846154,0.101974,0.0208729,0.0298799,0.103774,0.0882,0.0188679,0.0209052,3.74646,-0.627252,-2.05674,1.25588,*,*
465,0.0846154,0.101974,0.0208729,0.0298799,0.103774,0.0882,0.0188679,0.0209052,3.74646,-0.627252,-2.05674,1.25588,*,*
466,0.0846154,0.101981,0.0208729,0.0297856,0.103774,0.0885611,0.0188679,0.0209709,3.74342,-0.624324,-2.05716,1.29352,*,*
467,0.0846154,0.101981,0.0208729,0.0297856,0.103774,0.0885611,0.0188679,0.0209709,3.74342,-0.624324,-2.05716,1.29352,*,*
468,0.0846154,0.101981,0.0208729,0.0297856,0.103774,0.0885611,0.0188679,0.0209709,3.74342,-0.624324,-2.05716,1.29352,*,*
469,0.0846154,0.102133,0.0208729,0.0297171,0.103774,0.089109,0.0188679,0.0210492,3.75438,-0.626322,-2.05305,1.26615,*,*
470,0.0846154,0.102133,0.0208729,0.0297171,0.103774,0.089109,0.0188679,0.0210492,3.75438,-0.626322,-2.05305,1.26615,*,*
471,0.0846154,0.102133,0.0208729,0.0297171,0.103774,0.089109,0.0188679,0.0210492,3.75438,-0.626322,-2.05305,1.26615,*,*
472,0.0846154,0.102159,0.0208729,0.0296701,0.103774,0.0899034,0.0188679,0.0211413,3.7771,-0.628426,-2.0569,1.18577,*,*
473,0.0846154,0.102159,0.0208729,0.0296701,0.103774,0.0899034,0.0188679,0.0211413,3.7771,-0.628426,-2.0569,1.18577,*,*
474,0.0846154,0.102159,0.0208729,0.0296701,0.103774,0.0899034,0.0188679,0.0211413,3.7771,-0.628426,-2.0569,1.18577,*,*
475,0.0846154,0.102196,0.0208729,0.0296419,0.103774,0.0910445,0.0188679,0.0212481,3.80208,-0.629379,-2.04386,1.14982,S,*
476,0.0846154,0.102196,0.0208729,0.0296419,0.103774,0.0910445,0.0188679,0.0212481,3.80208,-0.629379,-2.04386,1.14982,S,*
477,0.0846154,0.102196,0.0208729,0.0296419,0.103774,0.0910445,0.0188679,0.0212481,3.80208,-0.629379,-2.04386,1.14982,S,*
478,0.0846154,0.102021,0.0208729,0.029631,0.103774,0.0921816,0.0188679,0.0213714,3.85369,-0.637932,-2.04077,1.07733,*,*
479,0.0846154,0.102021,0.0208729,0.029631,0.103774,0.0921816,0.0188679,0.0213714,3.85369,-0.637932,-2.04077,1.07733,*,*
480,0.0846154,0.102021,0.0208729,0.029631,0.103774,0.0921816,0.0188679,0.0213714,3.85369,-0.637932,-2.04077,1.07733,*,*
481,0.0846154,0.101597,0.0208729,0.0296363,0.103774,0.092184,0.0188679,0.021513,3.86198,-0.628443,-2.03875,1.1176,*,*
482,0.0846154,0.101597,0.0208729,0.0296363,0.103774,0.092184,0.0188679,0.021513,3.86198,-0.628443,-2.03875,1.1176,*,*
483,0.0846154,0.101597,0.0208729,0.0296363,0.103774,0.092184,0.0188679,0.021513,3.86198,-0.628443,-2.03875,1.1176,*,*
484,0.0846154,0.101361,0.0208729,0.0296574,0.103774,0.092221,0.0188679,0.0216755,3.87723,-0.638608,-2.03347,1.07362,*,*
485,0.0846154,0.101361,0.0208729,0.0296574,0.103774,0.092221,0.0188679,0.0216755,3.87723,-0.638608,-2.03347,1.07362,*,*
486,0.0846154,0.101361,0.0208729,0.0296574,0.103774,0.092221,0.0188679,0.0216755,3.87723,-0.638608,-2.03347,1.07362,*,*
487,0.0846154,0.100938,0.0208729,0.0296944,0.103774,0.0923535,0.0188679,0.0218622,3.89571,-0.631206,-2.03058,1.05957,*,*
488,0.0846154,0.100938,0.0208729,0.0296944,0.103774,0.0923535,0.0188679,0.0218622,3.89571,-0.631206,-2.03058,1.05957,*,*
489,0.0846154,0.100938,0.0208729,0.0296944,0.103774,0.0923535,0.0188679,0.0218622,3.89571,-0.631206,-2.03058,1.05957,*,*
490,0.0846154,0.100563,0.0208729,0.029748,0.103774,0.0925563,0.0188679,0.0220779,3.92021,-0.630767,-2.03381,1.09243,R,*
491,0.0846154,0.100563,0.0208729,0.029748,0.103774,0.0925563,0.0188679,0.0220779,3.92021,-0.630767,-2.03381,1.09243,R,*
492,0.0846154,0.100563,0.0208729,0.029748,0.103774,0.0925563,0.0188679,0.0220779,3.92021,-0.630767,-2.03381,1.09243,R,*
493,0.0846154,0.100332,0.0208729,0.029819,0.103774,0.0925786,0.0188679,0.0223309,3.93895,-0.622943,-2.03558,1.10178,*,*
494,0.0846154,0.100332,0.0208729,0.029819,0.103774,0.0925786,0.0188679,0.0223309,3.93895,-0.622943,-2.03558,1.10178,*,*
495,0.0846154,0.100332,0.0208729,0.029819,0.103774,0.0925786,0.0188679,0.0223309,3.93895,-0.622943,-2.03558,1.10178,*,*
496,0.0846154,0.100202,0.0208729,0.0299091,0.103774,0.0926583,0.0188679,0.0226421,3.94784,-0.628194,-2.02311,1.1209,*,*
497,0.0846154,0.100202,0.0208729,0.0299091,0.103774,0.0926583,0.0188679,0.0226421,3.94784,-0.628194,-2.02311,1.1209,*,*
498,0.0846154,0.100202,0.0208729,0.0299091,0.103774,0.0926583,0.0188679,0.0226421,3.94784,-0.628194,-2.02311,1.1209,*,*
499,0.0846154,0.100142,0.0208729,0.0300201,0.103774,0.0928321,0.0188679,0.0230819,3.93991,-0.612099,-2.01227,1.122,*,S
500,0.0846154,0.100142,0.0208729,0.0300201,0.103774,0.0928321,0.0188679,0.0230819,3.93991,-0.612099,-2.01227,1.122,*,S
501,0.0846154,0.100142,0.0208729,0.0300201,0.103774,0.0928321,0.0188679,0.0230819,3.93991,-0.612099,-2.01227,1.122,*,S
502,0.0846154,0.0999079,0.0208729,0.0301549,0.103774,0.092877,0.0188679,0.0229735,3.97127,-0.626096,-2.02285,1.1406,*,*
503,0.0846154,0.0999079,0.0208729,0.0301549,0.103774,0.092877,0.0188679,0.0229735,3.97127,-0.626096,-2.02285,1.1406,*,*
504,0.0846154,0.0999079,0.0208729,0.0301549,0.103774,0.092877,0.0188679,0.0229735,3.97127,-0.626096,-2.02285,1.1406,*,*
505,0.0846154,0.0997528,0.0208729,0.0303169,0.103774,0.0929173,0.0188679,0.0229694,3.99128,-0.626711,-2.01831,1.12306,*,*
506,0.0846154,0.0997528,0.0208729,0.0303169,0.103774,0.0929173,0.0188679,0.0229694,3.99128,-0.626711,-2.01831,1.12306,*,*
507,0.0846154,0.0997528,0.0208729,0.0303169,0.103774,0.0929173,0.0188679,0.0229694,3.99128,-0.626711,-2.01831,1.12306,*,*
508,0.0846154,0.0996772,0.0208729,0.0305109,0.103774,0.0929501,0.0188679,0.0230045,3.98337,-0.639421,-2.02934,1.09488,*,*
509,0.0846154,0.0996772,0.0208729,0.0305109,0.103774,0.0929501,0.0188679,0.0230045,3.98337,-0.639421,-2.02934,1.09488,*,*
510,0.0846154,0.0996772,0.0208729,0.0305109,0.103774,0.0929501,0.0188679,0.0230045,3.98337,-0.639421,-2.02934,1.09488,*,*
511,0.0846154,0.0996808,0.0208729,0.0307427,0.103774,0.0928489,0.0188679,0.0230642,3.98393,-0.645321,-2.03706,1.11807,*,*
512,0.0846154,0.0996808,0.0208729,0.0307427,0.103774,0.0928489,0.0188679,0.0230642,3.98393,-0.645321,-2.03706,1.11807,*,*
513,0.0846154,0.0996808,0.0208729,0.0307427,0.103774,0.0928489,0.0188679,0.0230642,3.98393,-0.645321,-2.03706,1.11807,*,*
514,0.0846154,0.0996954,0.0208729,0.0310203,0.103774,0.0928418,0.0188679,0.0231462,3.95621,-0.643796,-2.02586,1.09307,*,*
515,0.0846154,0.0996954,0.0208729,0.0310203,0.103774,0.0928418,0.0188679,0.0231462,3.95621,-0.643796,-2.02586,1.09307,*,*
516,0.0846154,0.0996954,0.0208729,0.0310203,0.103774,0.0928418,0.0188679,0.0231462,3.95621,-0.643796,-2.02586,1.09307,*,*
517,0.0846154,0.0996025,0.0208729,0.0313542,0.103774,0.0929124,0.0188679,0.0232519,3.97735,-0.649513,-2.04119,1.09646,*,*
518,0.0846154,0.0996025,0.0208729,0.0313542,0.103774,0.0929124,0.0188679,0.0232519,3.97735,-0.649513,-2.04119,1.09646,*,*
519,0.0846154,0.0996025,0.0208729,0.0313542,0.103774,0.0929124,0.0188679,0.0232519,3.97735,-0.649513,-2.04119,1.09646,*,*
520,0.0846154,0.0993535,0.0208729,0.0317586,0.103774,0.0929652,0.0188679,0.0233855,3.99816,-0.660305,-2.03604,1.11207,S,*
521,0.0846154,0.0993535,0.0208729,0.0317586,0.103774,0.0929652,0.0188679,0.0233855,3.99816,-0.660305,-2.03604,1.11207,S,*
522,0.0846154,0.0993535,0.0208729,0.0317586,0.103774,0.0929652,0.0188679,0.0233855,3.99816,-0.660305,-2.03604,1.11207,S,*
523,0.0846154,0.099116,0.0208729,0.0322531,0.103774,0.0928665,0.0188679,0.0235559,4.01351,-0.67577,-2.06554,1.1162,*,*
524,0.0846154,0.099116,0.0208729,0.0322531,0.103774,0.0928665,0.0188679,0.0235559,4.01351,-0.67577,-2.06554,1.1162,*,*
525,0.0846154,0.099116,0.0208729,0.0322531,0.103774,0.0928665,0.0188679,0.0235559,4.01351,-0.67577,-2.06554,1.1162,*,*
526,0.0846154,0.0989771,0.0208729,0.0328663,0.103774,0.0928668,0.0188679,0.0237909,4.01512,-0.687146,-2.06419,1.11598,*,*
527,0.0846154,0.0989771,0.0208729,0.0328663,0.103774,0.0928668,0.0188679,0.0237909,4.01512,-0.687146,-2.06419,1.11598,*,*
528,0.0846154,0.0989771,0.0208729,0.0328663,0.103774,0.0928668,0.0188679,0.0237909,4.01512,-0.687146,-2.06419,1.11598,*,*
